tweet_id,airline_sentiment,airline_sentiment_confidence,negativereason,negativereason_confidence,airline,airline_sentiment_gold,name,negativereason_gold,retweet_count,text,tweet_coord,tweet_created,tweet_location,user_timezone
570306133677760513,neutral,1.0,,,Virgin America,,cairdin,,0,@VirginAmerica What @dhepburn said.,,2015-02-24 11:35:52 -0800,,Eastern Time (US & Canada)
570301130888122368,positive,0.3486,,0.0,Virgin America,,jnardino,,0,@VirginAmerica plus you've added commercials to the experience... tacky.,,2015-02-24 11:15:59 -0800,,Pacific Time (US & Canada)
570301083672813571,neutral,0.6837,,,Virgin America,,yvonnalynn,,0,@VirginAmerica I didn't today... Must mean I need to take another trip!,,2015-02-24 11:15:48 -0800,Lets Play,Central Time (US & Canada)
570301031407624196,negative,1.0,Bad Flight,0.7033,Virgin America,,jnardino,,0,"@VirginAmerica it's really aggressive to blast obnoxious ""entertainment"" in your guests' faces &amp; they have little recourse",,2015-02-24 11:15:36 -0800,,Pacific Time (US & Canada)
570300817074462722,negative,1.0,Can't Tell,1.0,Virgin America,,jnardino,,0,@VirginAmerica and it's a really big bad thing about it,,2015-02-24 11:14:45 -0800,,Pacific Time (US & Canada)
569611259357863936,neutral,1.0,,,American,,juliezeier,,0,@AmericanAir  hung up on now many times trying to cal 8004337300 crazy,,2015-02-22 13:34:41 -0800,,
569611217301450752,negative,1.0,Can't Tell,0.3555,American,,raseay,,0,@AmericanAir that's quite an impressive list of fees!,,2015-02-22 13:34:31 -0800,"Oxford, MS",Central Time (US & Canada)
569611065820110848,negative,1.0,Customer Service Issue,0.6696,American,,otisday,,0,"@AmericanAir @GolfWithWoody Don't buy it, Woody. They're making it MUCH worse with understaffing, rudeness, and pre-rookie mistakes",,2015-02-22 13:33:55 -0800,Pekin,Eastern Time (US & Canada)
569610871934205954,negative,1.0,Can't Tell,0.3658,American,,MrMarioMendoza,,0,@AmericanAir you have to run the engine to troubleshoot an issue before boarding the plane!?! How about another plane? #aa2227 #miatoiah,,2015-02-22 13:33:09 -0800,,
569610485101768704,negative,0.6941,Flight Booking Problems,0.6941,American,,jmgscott,,0,"‚Äú@AmericanAir: @RussellsWriting Russ, please contact Reservations at 800-433-7300 for reFlight Booking Problems options.‚Äù Good luck with that!",,2015-02-22 13:31:37 -0800,"Dallas, TX",Central Time (US & Canada)
569609970007674881,negative,1.0,Cancelled Flight,1.0,American,,KyleKaplan,,0,@AmericanAir flight was Cancelled Flightled can you guys help?,,2015-02-22 13:29:34 -0800,"iPhone: 40.829401,-73.926223",Pacific Time (US & Canada)
569609887388270592,negative,1.0,Flight Booking Problems,0.363,American,,PredsFran,,0,"@AmericanAir Changed flight from BNA to 2/20 ahead of weather. Slammed me with cost diff because ""no weather advisory.""Really!",,2015-02-22 13:29:14 -0800,Tennessee,Central Time (US & Canada)
569609699152273409,negative,1.0,Cancelled Flight,1.0,American,,SraJackson,,0,"@AmericanAir my itinerary was from EWR TO DALLAS to LA. You Cancelled Flightled my flight, you have my money, find a way to get me there from EWR",,2015-02-22 13:28:29 -0800,New Jersey,Eastern Time (US & Canada)
569609590171676675,negative,1.0,Lost Luggage,1.0,American,,TheLoveBite,,0,@AmericanAir an hour at baggage carousel and still no luggage?? Nail in the coffin.,,2015-02-22 13:28:03 -0800,"Los Angeles, CA",Pacific Time (US & Canada)
569609396461936640,positive,1.0,,,American,,BrophySheen,,0,@AmericanAir Nicest people ever flight to Chicago.Thanks David Deane &amp; Norma Sedholm for making me feel comfortable ‚úàÔ∏è‚úàÔ∏è‚úàÔ∏è‚úàÔ∏è‚úàÔ∏è‚úàÔ∏è‚úàÔ∏è,,2015-02-22 13:27:17 -0800,New Jersey,
569609326253502465,negative,1.0,Customer Service Issue,0.6741,American,,BethMyn,,0,@AmericanAir Can't get thru by phone to use a credit that's about to expire! #frustrated #aa.com,,2015-02-22 13:27:00 -0800,,
569609163824713729,neutral,1.0,,,American,,nycgypc,,0,@AmericanAir when is next lax JFK flight today,,2015-02-22 13:26:22 -0800,,
569608733321498627,positive,1.0,,,American,,JuliaWallClarke,,0,"@AmericanAir appreciate update. Have also appreciated our pilots effort to explain to us just now. Accurate, authoritative comms is vital.","[40.6474324, -73.7936881]",2015-02-22 13:24:39 -0800,UK / Canada / etc,Atlantic Time (Canada)
569608570066436096,negative,1.0,Customer Service Issue,1.0,American,,jddowsett,,0,@AmericanAir now down to only one agent helping a stagnant line of almost 100 customers. Super.,,2015-02-22 13:24:00 -0800,"PA, NY & HI",Quito
569608446586200064,negative,1.0,Customer Service Issue,1.0,American,,sweetmel,,0,@AmericanAir The bad weather wasn't a surprise! You should have double/triple staff on hand to handle calls. Way to treat your customers.,"[32.97609561, -96.53349238]",2015-02-22 13:23:31 -0800,"Dallas, TX",Central Time (US & Canada)
569608307184242688,negative,0.7039,Bad Flight,0.3587,American,,sa_craig,,0,"@AmericanAir after all, the plane didn‚Äôt land in identical or worse) conditions at GRK according to METARs.",,2015-02-22 13:22:57 -0800,"College Station, TX",Central Time (US & Canada)
569608282442047488,negative,1.0,Cancelled Flight,1.0,American,,mycreativespark,,0,@AmericanAir flight Cancelled Flighted out of LAX for tomorrow due to connection in DFW. Help please? we can go out of orange or burbank,,2015-02-22 13:22:52 -0800,Ohio,Quito
569608265623064576,negative,1.0,Flight Attendant Complaints,1.0,American,,igclp,,0,"@AmericanAir first the pilot, then the catering...",,2015-02-22 13:22:47 -0800,,
569608257607737344,negative,0.6915,Customer Service Issue,0.3566,American,,DanielLassman,,0,".@AmericanAir Also, not the reservations team's fault. Bad top-down decision. I feel bad for the reservations AND social media teams.",,2015-02-22 13:22:46 -0800,"Ocean Ridge, FL",Eastern Time (US & Canada)
569608190410809344,negative,1.0,Flight Booking Problems,0.3838,American,,igclp,,0,@AmericanAir I would like a refund for this flight. They delayed the flight 5 times. I feel like you're making fun of us.,,2015-02-22 13:22:30 -0800,,
569607918569410560,negative,1.0,Customer Service Issue,1.0,American,,sweetmel,,0,@AmericanAir @TheNateK I submitted a complaint via that link in Dec. &amp; followed up in Jan. NEVER HEARD BACK! #badcustomerservice,,2015-02-22 13:21:25 -0800,"Dallas, TX",Central Time (US & Canada)
569607706358779904,positive,1.0,,,American,,stvnoneal,,0,"@americanair Greatest Newark Gate Agents ever: David Deane, Norma Sedholm and Luz Calderon just made me feel like a king. #AmericanAirlines","[40.68621427, -74.1793971]",2015-02-22 13:20:34 -0800,NEW YORK CITY,Eastern Time (US & Canada)
569607661655715841,negative,1.0,Cancelled Flight,1.0,American,,0veranalyser,,0,"@AmericanAir flights been Cancelled Flightled, can't get through to the desk and nothing showing online under my reservation - what do I do?",,2015-02-22 13:20:23 -0800,,Perth
569607509167595520,negative,1.0,Can't Tell,0.3703,American,,andrewjh,,0,"@AmericanAir The point of the pic: If your reps struggle with the merger this much, imagine how it is for the public! http://t.co/hQdB5IRuVg",,2015-02-22 13:19:47 -0800,Capitol Hill D.C. ,Eastern Time (US & Canada)
569607321908862977,negative,0.7038,Flight Booking Problems,0.3613,American,,SraJackson,,0,@AmericanAir flight was 2488 out of EWR STOP AT DALLAS THEN TO LA. I need to be in la tonight!,,2015-02-22 13:19:02 -0800,New Jersey,Eastern Time (US & Canada)
569607124772196352,negative,1.0,Can't Tell,0.6598,American,,FvGrecia,,0,@AmericanAir I was flying from Ft Lauderdale FL to Seattle WA on the 02/28/2015 until the 03/03/2015 and they don't want to honor my flight.,,2015-02-22 13:18:15 -0800,,
569606926234824704,negative,1.0,Customer Service Issue,1.0,American,,galen_emery,,0,@AmericanAir wasn't able to get on hold. Your system kept kicking me to the main menu.,,2015-02-22 13:17:28 -0800,"Seattle, WA",Pacific Time (US & Canada)
569606513859305473,negative,1.0,Customer Service Issue,1.0,American,,EricStride,,0,@americanair Seattle check-in. 1 desk servicing full service line. 2 desks servicing priority. Full srvc wait 30+ minutes. Customer svc fail,,2015-02-22 13:15:50 -0800,,
569606467646578688,negative,1.0,Customer Service Issue,0.6829999999999999,American,,SraJackson,,0,@AmericanAir hey! Tried calling customer service and was told there's a 2 hour wait. This has been for the past 4 hours. Thanks! You suck!,,2015-02-22 13:15:39 -0800,New Jersey,Eastern Time (US & Canada)
569606374591746050,negative,0.6684,Lost Luggage,0.3419,American,,RafaelBertorell,,0,@AmericanAir since we are leaving tomorrow to miami can you do one thing right and deliver the bags to the airport?,,2015-02-22 13:15:17 -0800,,
569606248095576064,negative,1.0,Flight Attendant Complaints,0.3648,American,,jddowsett,,0,@AmericanAir but have been yet to receive assistance from one of your agents in securing a new connection. Many will now miss work tomorrow.,,2015-02-22 13:14:46 -0800,"PA, NY & HI",Quito
569606226880929792,negative,0.659,Customer Service Issue,0.659,American,,otisday,,0,@AmericanAir @cheerUPDATES So you're saying the call center is understaffed?,,2015-02-22 13:14:41 -0800,Pekin,Eastern Time (US & Canada)
569606135960858624,neutral,0.6545,,0.0,American,,kelseybiscoe,,0,@AmericanAir I've been trying to change frm AA 2401 to LAX at 6:50am MONDAY morning then AA 2586 from LAX to FAT to flight AA 1359?#helpAA,,2015-02-22 13:14:20 -0800,,
569606093393010688,neutral,1.0,,,American,,mareyes15,,0,@AmericanAir are flights from Columbus Ohio to Dallas Texas Cancelled Flighted?,,2015-02-22 13:14:10 -0800,,Eastern Time (US & Canada)
569605935280336896,negative,1.0,Flight Booking Problems,0.7115,American,,otisday,,0,"@AmericanAir @naomi_cooper Are you out of your mind, AA? What is the point of this Twitter acct? Form letters in 140 characters or less?",,2015-02-22 13:13:32 -0800,Pekin,Eastern Time (US & Canada)
569605930146353152,negative,1.0,Late Flight,1.0,American,,jddowsett,,0,@AmericanAir  many have missed connections already b/c of delayed flight which will finally board soon,,2015-02-22 13:13:31 -0800,"PA, NY & HI",Quito
569605928636407808,neutral,0.6393,,0.0,American,,SmithsAreRare,,0,@AmericanAir On flt 1627 from DFW to FAT on 2/23 and it was 86'd. Can you rebook me on the 1359 flight tonight? Can't get through on phone.,,2015-02-22 13:13:30 -0800,L-Town,Central Time (US & Canada)
569605877512024064,negative,1.0,Customer Service Issue,0.3469,American,,BDinDallas,,0,@AmericanAir I wasn't important this morning when you would not seat my wife and I together or allow me to choose seats at Flight Booking Problems!!,,2015-02-22 13:13:18 -0800,"Dallas, Texas",Eastern Time (US & Canada)
569605699308818432,negative,1.0,Customer Service Issue,0.6475,American,,RafaelBertorell,,0,"@AmericanAir i dont believe it, it has been impossible for your agents to get an update from the delivery company since yesterday at 11 am",,2015-02-22 13:12:36 -0800,,
569605602961281024,negative,1.0,Flight Attendant Complaints,0.66,American,,jddowsett,,0,@AmericanAir yet there are plenty of available AA agents at gates nearby who say they are unable to help customers from our flight.,,2015-02-22 13:12:13 -0800,"PA, NY & HI",Quito
569605452230754305,negative,1.0,Late Flight,0.6863,American,,otisday,,0,"@AmericanAir @BDinDallas The personal touch you're known for, AA. Other cool perks: blaming understaffing on weather. And 3 hr hold times.",,2015-02-22 13:11:37 -0800,Pekin,Eastern Time (US & Canada)
569605359406485504,negative,1.0,longlines,1.0,American,,jddowsett,,0,"@AmericanAir been waiting in line for over an hour in San Antonio, barely moved &amp; only two agents. 30 in front of me &amp; at least 40 behind.",,2015-02-22 13:11:15 -0800,"PA, NY & HI",Quito
569605022197153792,positive,0.6593,,,American,,wesleytravis,,0,@AmericanAir my return flight is scheduled on Wednesday; AA138 I believe.  Thanks for the help!,"[44.26313964, -69.78197616]",2015-02-22 13:09:54 -0800,"Webster Groves, MO",
569604994825105408,negative,1.0,Customer Service Issue,0.7094,American,,Cameratown,,0,@AmericanAir. You neglected to mention the $200 fee per ticket.  I had a medical reason and still have had to jump thru hoops.,,2015-02-22 13:09:48 -0800,"Boston, MA",Eastern Time (US & Canada)
569604909571678208,negative,1.0,Customer Service Issue,1.0,American,,Kaywillsmith,,0,@AmericanAir ....I am on attempt #6 and hour #10 of calling and being put on hold.  Not feeling confident that I will ever get through...,,2015-02-22 13:09:27 -0800,The City of Big Shoulders,Central Time (US & Canada)
569604904689340416,negative,1.0,Customer Service Issue,1.0,American,,JonGilsonAF,,0,"@AmericanAir bought a ticket on @SouthwestAir. After two days, your ""team"" couldn't share the data needed to get me to my next meeting.",,2015-02-22 13:09:26 -0800,"Boston, MA",
569604777962643457,negative,1.0,Late Flight,1.0,American,,erina_jones,,0,@AmericanAir thanks for the response. I know it's not your fault... But Im in ORD in T5 and hungry if you want to stop by ‚úàÔ∏è‚úåÔ∏è,,2015-02-22 13:08:56 -0800,London,
569604674715693057,negative,0.6711,Flight Booking Problems,0.3479,American,,LIGal19,,0,@AmericanAir cut it. Put me on a flt tomorrow.,,2015-02-22 13:08:31 -0800,"√úT: 40.881241,-73.107717",Quito
569604659712811009,negative,1.0,Customer Service Issue,1.0,American,,JWinakor,,0,@AmericanAir nah u boofin u dont talk like any humans i know. Respond like u actually have a brain. And again i dont want customer relations,,2015-02-22 13:08:28 -0800,,
569604466757865472,negative,1.0,Cancelled Flight,0.5057,American,,LIGal19,,0,@AmericanAir I have no transportation to and going to some other city and getting to NY sometime on Wed?! I'm sorry that's not gonna cut,,2015-02-22 13:07:42 -0800,"√úT: 40.881241,-73.107717",Quito
569604453462110208,negative,1.0,Lost Luggage,0.6814,American,,agirlnamedfrank,,0,"@AmericanAir because of you, I am doing the one thing I tried to avoid. Thank you for sending me to baggage claim.",,2015-02-22 13:07:39 -0800,Brooklyn,Eastern Time (US & Canada)
569604425238454273,negative,1.0,Flight Booking Problems,0.5561,American,,LIGal19,,0,@AmericanAir my flt is at 7a tom. I have now rec'd notification that I'm going out from some other airport,,2015-02-22 13:07:32 -0800,"√úT: 40.881241,-73.107717",Quito
569604400479649792,neutral,0.6613,,0.0,American,,Kaywillsmith,,0,@AmericanAir how does one book a ticket online and put it on hold?  Does that require that I pay for the ticket?,,2015-02-22 13:07:26 -0800,The City of Big Shoulders,Central Time (US & Canada)
569604354703020032,negative,1.0,Customer Service Issue,1.0,American,,csb2107,,0,@AmericanAir can you help me with a reservation? cant get through on the phone,,2015-02-22 13:07:15 -0800,,
569604330229092352,negative,1.0,Customer Service Issue,0.6188,American,,CavaTed,,0,@AmericanAir ask the 10 people you left behind at Miami airport because you guys could not wait 5 minutes and ... http://t.co/XPM98Igqjn,,2015-02-22 13:07:09 -0800,Washington DC,Eastern Time (US & Canada)
569604328153083904,negative,1.0,Late Flight,0.6849,American,,farazq,,1,"@AmericanAir can you do anything to get #AA953 moving? Been almost 24 hrs and hundreds at jfk upset, tired and want to get to BA.","[40.80718573, -73.95477259]",2015-02-22 13:07:09 -0800,"New York, NY",Quito
569604243226652672,negative,1.0,Can't Tell,0.6826,American,,Texomagal5,,0,@AmericanAir more of the insane treatment by your customers,"[38.5369071, -106.9349375]",2015-02-22 13:06:48 -0800,,Eastern Time (US & Canada)
569604176960827392,negative,0.705,Customer Service Issue,0.705,American,,gorbell,,0,@americanair Help!  I need to speak to a live agent before I lose my online reservation being held.,,2015-02-22 13:06:33 -0800,"Santa Maria, Califoria",Pacific Time (US & Canada)
569604173236477952,negative,1.0,Customer Service Issue,0.7159,American,,otisday,,0,"@AmericanAir @_emmaclifford No. At JFK you sort of have to guess things out. It's a small airport, so whatever.",,2015-02-22 13:06:32 -0800,Pekin,Eastern Time (US & Canada)
569604083507556353,negative,1.0,Flight Attendant Complaints,0.6766,American,,Texomagal5,,0,@AmericanAir is this how you let your employees treat your loyal customers? #attackingbabymomma #crazinessintherockies,"[38.538038, -106.9370467]",2015-02-22 13:06:10 -0800,,Eastern Time (US & Canada)
569603991551782913,positive,0.6401,,,American,,HybridMovementC,,0,@AmericanAir  Mad love http://t.co/4ojrSDWPkK NYC-,,2015-02-22 13:05:48 -0800,"everywhere, all the time.",
569603962233622528,positive,0.3646,,0.0,American,,agirlnamedfrank,,0,"@AmericanAir thanks for forcing me to check -in my carry - on luggage. That is exactly why I spent extra money on ""travel size"" toiletries",,2015-02-22 13:05:41 -0800,Brooklyn,Eastern Time (US & Canada)
569603590349848576,negative,1.0,Can't Tell,0.6431,American,,otisday,,0,"@AmericanAir @ejacqui If you updated the screens, then people would know the Late Flightst info, good or bad. And that wouldn't work because...",,2015-02-22 13:04:13 -0800,Pekin,Eastern Time (US & Canada)
569603156927246336,negative,1.0,Flight Booking Problems,0.6964,American,,JasonShaw2,,2,@AmericanAir missing a full days of work thanks guys,,2015-02-22 13:02:29 -0800,Belleville,Eastern Time (US & Canada)
569603127223066624,negative,1.0,Customer Service Issue,1.0,American,,rebeccabw,,0,@AmericanAir Trying to find out if flight #340 DFW to HOU is on tonight. Exec platinum desk not calling back and online info not clear.,,2015-02-22 13:02:22 -0800,"Dallas, Texas",Central Time (US & Canada)
569602798867881985,negative,1.0,Customer Service Issue,0.6531,American,,DanielLassman,,0,.@AmericanAir I can't even get on the phone with your reservations team. The system automatically disconnects us.,,2015-02-22 13:01:04 -0800,"Ocean Ridge, FL",Eastern Time (US & Canada)
569602682505138176,negative,1.0,Flight Booking Problems,0.6538,American,,nubzjubz,,0,@AmericanAir Flight Cancelled Flighted and rebooked but agent made a mistake and booked wrong date! Been trying to get through via phone for hours!!,,2015-02-22 13:00:36 -0800,,Eastern Time (US & Canada)
569602563261276160,negative,1.0,Customer Service Issue,0.6589,American,,otisday,,0,"@AmericanAir @russelneiss No, American. This is simple. How about YOU call HER back with the info for her new flight. Basic customer service",,2015-02-22 13:00:08 -0800,Pekin,Eastern Time (US & Canada)
569602295224246272,negative,1.0,Lost Luggage,1.0,American,,GMFujarski,,0,@AmericanAir I have looked and I was told it was in Guatemala last night. No record of anywhere today. I need my clothing for work tomorrow.,,2015-02-22 12:59:04 -0800,,
569602069335838720,negative,1.0,Customer Service Issue,1.0,American,,otisday,,0,"@AmericanAir Cool, a canned response. Nah, I think I'll keep tweeting at everyone who mentions AA on Twitter. You could DM me, though.",,2015-02-22 12:58:10 -0800,Pekin,Eastern Time (US & Canada)
569602057285574656,negative,1.0,Flight Booking Problems,0.6626,American,,jweslo,,0,@AmericanAir please fix your mobile and desktop site to allow Canadians to select a passenger when checking in. Thanks.,,2015-02-22 12:58:07 -0800,Brantford,
569601934853873664,negative,1.0,Customer Service Issue,1.0,American,,rakugojon,,0,@AmericanAir tried ringing but told me to try again Late Flightr. I'm supposed to be leaving in an hour...,,2015-02-22 12:57:38 -0800,San Francisco,London
569601869598867456,positive,1.0,,,American,,mattlantz,,0,@AmericanAir You guys did an amazing job today! Know it‚Äôs hard; thanks to Kate Appleton for all her hard work reFlight Booking Problems my friends and me!,,2015-02-22 12:57:23 -0800,"Tyler, Texas",Central Time (US & Canada)
569601519663906819,negative,1.0,Late Flight,0.6925,American,,tj_carlson,,0,.@AmericanAir cover a rental car or refund our ticket? - I'll gladly drive 10 hrs home than be stuck here till Tues!,,2015-02-22 12:55:59 -0800,"Brookings, SD",Central Time (US & Canada)
569601363799359488,negative,1.0,Flight Attendant Complaints,1.0,American,,stevereasnors,,0,@AmericanAir should reconsider #usairways acquisition. Flight 1843 AA gold flyers insulted by attendant for hanging jacket!,,2015-02-22 12:55:22 -0800,Los Angeles,Pacific Time (US & Canada)
569601354118905859,negative,1.0,Can't Tell,0.3606,American,,ronrisman,,0,@AmericanAir   You neglected to mention the $200 fee per ticket.  I had a medical reason and still have had to jump thru hoops.,,2015-02-22 12:55:20 -0800,New England,Central Time (US & Canada)
569601337882755073,neutral,1.0,,,American,,elizabethlawley,,0,@AmericanAir yes and I would like a refund.,,2015-02-22 12:55:16 -0800,Chicago,Central Time (US & Canada)
569601332040089600,neutral,1.0,,,American,,SamuelWatkin,,0,@AmericanAir how realistic is it to make an 80 minute domestic to international transfer at JFK for a non US citizen?,,2015-02-22 12:55:14 -0800,"Maidstone, UK",London
569601094239825920,positive,1.0,,,American,,EricRoberts,,1,Eliza &amp; I cheated on u @AmericanAir with @AirTahitiNui &amp; it was a lovely flight. But we'll be back! Lots!,,2015-02-22 12:54:18 -0800,"Los Angeles, CA",Pacific Time (US & Canada)
569600985007558656,positive,0.6868,,,American,,IoanGil,,0,@AmericanAir I hope you like the photo :) http://t.co/p7fSLuxEGW,,2015-02-22 12:53:52 -0800,,London
569600927394631680,negative,1.0,Customer Service Issue,0.7282,American,,otisday,,0,"@AmericanAir @sweetmel If weather is bad, wouldn't your folks try extra hard to communicate...or load bags onto flight 1320...or...anything?",,2015-02-22 12:53:38 -0800,Pekin,Eastern Time (US & Canada)
569600780048560128,negative,1.0,Bad Flight,0.3688,American,,sa_craig,,0,"@AmericanAir and how is this not a mechanical issue? All evidence points to the idea that it‚Äôs the ILS at CLL at fault, not the weather.",,2015-02-22 12:53:03 -0800,"College Station, TX",Central Time (US & Canada)
569600694388445184,negative,1.0,Cancelled Flight,0.6773,American,,otisday,,0,"@AmericanAir @CAexhibitions Sorry in, like, a general way? Or sorry that incompetence/understaffing is compounding weather issues?",,2015-02-22 12:52:42 -0800,Pekin,Eastern Time (US & Canada)
569600599588630529,neutral,1.0,,,American,,SentieriMelinda,,0,@AmericanAir please help us get home tomorrow!!!!!,,2015-02-22 12:52:20 -0800,,
569600462661554177,negative,1.0,Customer Service Issue,0.6887,American,,otisday,,0,"@AmericanAir @tennetexan Too bad there's only, like, 3 people on that team, then. Because this is next level unreal.",,2015-02-22 12:51:47 -0800,Pekin,Eastern Time (US & Canada)
569600295833116672,negative,1.0,Customer Service Issue,1.0,American,,otisday,,0,"@AmericanAir @marxsterbcow How is this a real life response to a customer service issue? Seriously. Keep trying to call us. Eh, might work.",,2015-02-22 12:51:07 -0800,Pekin,Eastern Time (US & Canada)
569600291290656768,negative,1.0,Bad Flight,0.6709999999999999,American,,shmitty03,,0,@AmericanAir fix the engine of flight AA3031so I don't spend all night in your airport so I can fly home tomorrow,"[33.64199395, -84.44238523]",2015-02-22 12:51:06 -0800,"Long Island, New York ",Quito
569600137296633856,positive,1.0,,,American,,douglaskgordon,,0,@AmericanAir Thank you.....you do the same!!,,2015-02-22 12:50:30 -0800,"Caribbean, New York and Miami.",Indiana (East)
569599978722746368,negative,1.0,Customer Service Issue,0.361,American,,otisday,,0,@AmericanAir @ActingOutMgmnt Just make sure they remember to load the bags onto the plane. They Cancelled Flight the flight when they forget...,,2015-02-22 12:49:52 -0800,Pekin,Eastern Time (US & Canada)
569599379893575680,negative,1.0,Customer Service Issue,0.6599,American,,otisday,,0,"@AmericanAir @brewcrewfan8 Is this real life, AA? Like, 2015 real life? You should be emailing/calling/DMing people you've inconvenienced.",,2015-02-22 12:47:29 -0800,Pekin,Eastern Time (US & Canada)
569599312671301633,negative,0.6474,Customer Service Issue,0.6474,American,,KeelyPerez,,0,@AmericanAir hey there me again from yesterday im still on hold,,2015-02-22 12:47:13 -0800,NEONgarden,Quito
569599269189107712,negative,1.0,Customer Service Issue,1.0,American,,tennetexan,,0,@AmericanAir weather is unavoidable. Understaffing is controllable,,2015-02-22 12:47:03 -0800,"Pilot Point, Republic of Texas",
569599116403036160,negative,1.0,Late Flight,0.6424,American,,skogsbergh,,0,"@AmericanAir Not only was 5418 Late Flight, but we've been boarded and waiting for over 30min. WTF?","[32.90771571, -97.04233322]",2015-02-22 12:46:26 -0800,Lake Arrowhead,
569598991463268352,negative,0.7257,Flight Attendant Complaints,0.3919,American,,otisday,,0,@AmericanAir @yvonneokaka When do I get my personal response and apology for your crew's having forgotten to load baggage onto my flight?,,2015-02-22 12:45:56 -0800,Pekin,Eastern Time (US & Canada)
569598942821744640,negative,0.6426,Cancelled Flight,0.6426,American,,KirstKV,,0,@AmericanAir All flts to JFK Cancelled Flightled Thx to UR agent at SFO Im rebooked on UA. Didn't get name. She was awesome!  #twitterhug #shesaidrun,,2015-02-22 12:45:45 -0800,,Central Time (US & Canada)
569598671420919808,negative,1.0,Customer Service Issue,0.6618,American,,jenrpblcn,,0,@AmericanAir I know.  After an hour I got a live person.  It messes up our arrival and car plans at two airports and is costing us more.,,2015-02-22 12:44:40 -0800,"Seattle, WA",Arizona
569598544379817984,neutral,0.6917,,0.0,American,,csb2107,,0,@AmericanAir I can't get ahold of aadvantage reservations.  I need to ticket a reservation that Cancelled Flights soon.  can you help?,,2015-02-22 12:44:10 -0800,,
569598406181695488,negative,1.0,Customer Service Issue,1.0,American,,jadedhippie09,,0,"@AmericanAir i was also told by agents my issues ""aren't their prob"" K fine. I get it. But have some compassion 4 others dealing w/this!!!",,2015-02-22 12:43:37 -0800,,
569598314825555968,negative,1.0,Flight Attendant Complaints,0.6282,American,,sigmanu56,,0,@AmericanAir What's the status at DFW? Ticket agent at gate A9 was very rude and unhelpful.,,2015-02-22 12:43:15 -0800,"Natchitoches, LA",
569598155999674368,negative,1.0,Flight Attendant Complaints,0.3555,American,,jadedhippie09,,0,@AmericanAir i was spoken 2 like I'm an idiot and that is not OK!! I don't need to deal w/ that esp after the travel experience I've had,,2015-02-22 12:42:37 -0800,,
569597962659110913,neutral,0.7241,,0.0,American,,kelseybiscoe,,0,@AmericanAir I am trying to switch my flight to AA 1359 I am currently on AA 2401 at 6:50am MONDAY morn then AA 2586! Help Me!!,,2015-02-22 12:41:51 -0800,,
569597885446270976,negative,1.0,Customer Service Issue,0.6379,American,,cataattack,,0,@AmericanAir I really hope it departs. They said is because the catering service wasnt available but we can see it next to plane doing nthin,,2015-02-22 12:41:33 -0800,"Buenos Aires, Argentina",Buenos Aires
569597742693154816,negative,1.0,Customer Service Issue,0.6733,American,,jadedhippie09,,0,@AmericanAir I understand weather is not your fault but ur cs reps are atrocious. I am NOT happy nor will I EVR fly w/ u again.,,2015-02-22 12:40:59 -0800,,
569597666025345024,negative,1.0,Customer Service Issue,0.3482,American,,bshelton68,,0,"@AmericanAir When I left Orlando, I was 2nd in line for standby. I land and I'm 4th. 'Priority members get first available seats'. Awesome.",,2015-02-22 12:40:40 -0800,Everett,Arizona
569597220871282690,negative,1.0,Customer Service Issue,0.6888,American,,sweetmel,,0,@AmericanAir You didn't respond to my DM. You tweeted the same canned tweet you're telling everyone else.,,2015-02-22 12:38:54 -0800,"Dallas, TX",Central Time (US & Canada)
569597072350978048,negative,1.0,Customer Service Issue,1.0,American,,sweetmel,,0,@AmericanAir I DMed you my AA &amp; phone #s &amp; you can't have someone call me? What was the point of your response? You didn't resolve anything!,,2015-02-22 12:38:19 -0800,"Dallas, TX",Central Time (US & Canada)
569596793941401601,negative,1.0,Customer Service Issue,0.6521,American,,rdaniel10,,0,@AmericanAir don't you guys have an email address? Just put me on the next available flight from ohare,,2015-02-22 12:37:12 -0800,,Eastern Time (US & Canada)
569596652622721024,negative,1.0,Late Flight,1.0,American,,billyrobbinscsp,,0,@AmericanAir But Eagle is always Late Flight,,2015-02-22 12:36:39 -0800,,Central Time (US & Canada)
569596515510956032,negative,0.6694,Customer Service Issue,0.3451,American,,angiedrich,,0,@AmericanAir I have never on all my trips on any airline ever nat'l or int'l ever experienced anything like this!,"[33.93939612, -118.38973148]",2015-02-22 12:36:06 -0800,"Santa Monica, CA",Pacific Time (US & Canada)
569596502558920707,negative,1.0,Customer Service Issue,1.0,American,,MeereeneseKnot,,0,"@AmericanAir your call center won't let me wait on hold, which I would happily do. Am I seriously supposed to just keep calling? Not great",,2015-02-22 12:36:03 -0800,,
569596420761604096,negative,1.0,Late Flight,1.0,American,,billyrobbinscsp,,0,@AmericanAir half hour Late Flight leaving DFW...no attempt at an explanation,,2015-02-22 12:35:43 -0800,,Central Time (US & Canada)
569596325076955137,negative,0.6667,Cancelled Flight,0.6667,American,,nicoeats,,0,@AmericanAir I'm on flight 1027 tomorrow that got Cancelled Flightled. Need to find an alternative to get to Dallas. Please help.,,2015-02-22 12:35:21 -0800,"Tokyo, Japan",Eastern Time (US & Canada)
569596156927303681,negative,1.0,Late Flight,0.6742,American,,Diane_Lowery,,0,"@AmericanAir 30 minutes flight from OKC and then make us wait, 30 minutes cause the gate isn't empty.  #epicfail #poorplanning",,2015-02-22 12:34:41 -0800,Cool suburb N. of Dallas,Central Time (US & Canada)
569595899204255745,negative,1.0,Customer Service Issue,0.6234,American,,BaburRaja,,0,"@AmericanAir seems like queue times are very high, in Q waiting for an agent 4 almost  an hour.Flight got Cancelled Flightled. http://t.co/sDm2wvR3zr",,2015-02-22 12:33:39 -0800,"Chelmsford, MA",
569595791355981825,negative,1.0,Can't Tell,0.6684,American,,CakeNDeath,,0,"@AmericanAir Nah, just horrible dining options outside of club. Luckily Manuel in the Admirals can make a Bloody Mary.",,2015-02-22 12:33:13 -0800,Old City Philly,
569595643087486976,neutral,0.6616,,0.0,American,,coffeeculture,,0,@AmericanAir any earlier flights SAP-&gt;Mia &amp; Mia -&gt; New York (lga) on 03.03. I'm currently booked on flights 1504 and 1102.,,2015-02-22 12:32:38 -0800,"Dublin, Ireland",Dublin
569595595754639360,negative,1.0,Customer Service Issue,0.648,American,,SchrierCar,,0,"@AmericanAir no hold times, just disconnections.   There is no excuse for that",,2015-02-22 12:32:27 -0800,,
569595399557685248,negative,1.0,Customer Service Issue,0.6579,American,,rcshore,,0,".@AmericanAir nice 2 know. I paid 4 a seat. Then you sold my seat. now I bought a 3rd seat. It's a good scam, but a scam all the same.",,2015-02-22 12:31:40 -0800,"Washington, DC",Quito
569595333899997185,negative,0.6384,Customer Service Issue,0.6384,American,,jkordyback,,0,@AmericanAir I‚Äôll play it by ear. I know that you are doing your best. Buy some chewey oatmeal cookies for your customer care folks.,,2015-02-22 12:31:24 -0800,"North Saanich, BC",Pacific Time (US & Canada)
569595309279440896,neutral,0.6767,,0.0,American,,RafaANieves,,0,"@AmericanAir if business class if full but 1st class empty, do you guys upgrade EXP members to 1st?",,2015-02-22 12:31:18 -0800,,Quito
569594855556452352,negative,1.0,Customer Service Issue,1.0,American,,jmgscott,,0,@AmericanAir I've been trying for 4 hours to get hold of someone.,,2015-02-22 12:29:30 -0800,"Dallas, TX",Central Time (US & Canada)
569594712337854464,positive,0.6566,,0.0,American,,Ag03Recruiter,,0,@AmericanAir thank you for quick responses.   #aa usually has fantastic customer service. That's why I was so shocked when it wasn't there,,2015-02-22 12:28:56 -0800,"Fort Worth, TX",Central Time (US & Canada)
569594402114392064,negative,0.7021,Late Flight,0.7021,American,,JasonPeppel,,0,@AmericanAir what are my chances of making a connection to El Paso (AA504) with DFW from SAT (AA200) delayed 30 minutes?,,2015-02-22 12:27:42 -0800,,
569594123222585344,negative,1.0,Customer Service Issue,1.0,American,,ColourBasis,,0,"@AmericanAir  beyond frustrated with no call back from auto hold or whatever you call it. Entered my number at 11:30 CST, still no call 2:26",,2015-02-22 12:26:36 -0800,"National, based in Texas",Central Time (US & Canada)
569594026732740609,negative,1.0,Customer Service Issue,0.6275,American,,TomGasparetti,,0,@AmericanAir ahhhh your silence is golden now.  This tops it all.  Anyone get fired?,,2015-02-22 12:26:13 -0800,,
569593810390425600,negative,0.7094,Customer Service Issue,0.7094,American,,guernicaguy,,0,@AmericanAir Hey AA - can you help with an itinerary for a plat custy?  Stuck in PVR and phones aren't working,,2015-02-22 12:25:21 -0800,,
569593694963310593,negative,0.6541,Customer Service Issue,0.6541,American,,otisday,,0,@AmericanAir @ShannonBloom Where's my DM? Where's my voucher? Who's paying my $70 cab and my $50 car back to JFK tomorrow?,,2015-02-22 12:24:54 -0800,Pekin,Eastern Time (US & Canada)
569593346223579137,negative,1.0,Customer Service Issue,1.0,American,,catiekate,,0,@AmericanAir we've been on hold for hours.,"[35.22534456, -106.57241352]",2015-02-22 12:23:30 -0800,,
569593278636675072,negative,1.0,Late Flight,1.0,American,,otisday,,0,@AmericanAir @Stone9956 Do you dislike delays when they're caused by YOUR crew forgetting to load bags &amp; lazy pilot wanting duty day to end?,,2015-02-22 12:23:14 -0800,Pekin,Eastern Time (US & Canada)
569593050235736064,neutral,1.0,,,American,,WishUpon_26,,0,@AmericanAir can you guys help me please?,,2015-02-22 12:22:20 -0800,KY,Eastern Time (US & Canada)
569593045777321985,negative,1.0,Cancelled Flight,0.3704,American,,otisday,,0,@AmericanAir @travisamex It's not the weather. It's also gross incompetence. Understaffing. Crew forgetting to load bags. Don't duck truth.,,2015-02-22 12:22:19 -0800,Pekin,Eastern Time (US & Canada)
569592981742878721,neutral,0.6521,,,American,,EricRoberts,,0,http://t.co/EIw2sYb8Fu roberts&amp;s=1 @AmericanAir,,2015-02-22 12:22:04 -0800,"Los Angeles, CA",Pacific Time (US & Canada)
569592830307508224,negative,1.0,Late Flight,0.7123,American,,Jess_JCW,,0,@AmericanAir .....and they waited 5 hours in a stuffy plane until they could get off then 7 more hrs to get their luggage  #AmericanAirlines,,2015-02-22 12:21:27 -0800,London,London
569592778872606720,neutral,1.0,,,American,,WishUpon_26,,0,@AmericanAir do you guys have another flight for today that you can book me on from laguardia to louisville ky?,,2015-02-22 12:21:15 -0800,KY,Eastern Time (US & Canada)
569592674400907264,negative,0.6788,Cancelled Flight,0.6788,American,,SarahM0en,,0,@AmericanAir my flight out of TYR tomorrow was Cancelled Flighted due to weather. How long until a rebook?,,2015-02-22 12:20:50 -0800,Nashville TN,Central Time (US & Canada)
569592590632247297,negative,0.644,Cancelled Flight,0.644,American,,sbrandongage,,0,@AmericanAir Has AA Flight 296 from San Antonio to Dallas been Cancelled Flighted?,,2015-02-22 12:20:30 -0800,"Pueblo, CO",Eastern Time (US & Canada)
569592447455465472,negative,1.0,Flight Booking Problems,0.6643,American,,totestoked,,0,@AmericanAir trying to book a flight on hold- can't get through to a representative on the phone- Advice?,,2015-02-22 12:19:56 -0800,"Naperville, IL ",Eastern Time (US & Canada)
569592402085847041,negative,1.0,Cancelled Flight,1.0,American,,thepin618,,0,@AmericanAir Cancelled Flights flights arbitrarily on same itinerary.  Weekend ruined for no good reason! No crew = missed Monday am mtg.,,2015-02-22 12:19:45 -0800,,
569592270866878464,neutral,1.0,,,American,,WishUpon_26,,0,@AmericanAir i need someone to help me out,,2015-02-22 12:19:14 -0800,KY,Eastern Time (US & Canada)
569592177312923650,negative,1.0,Cancelled Flight,1.0,American,,WishUpon_26,,0,@AmericanAir my flight was Cancelled Flightled from Laguardia to Louisville Ky and i am  stuck at the airport. Do you guys compensate for this?,,2015-02-22 12:18:52 -0800,KY,Eastern Time (US & Canada)
569592148338876416,negative,1.0,Flight Attendant Complaints,0.708,American,,Jess_JCW,,0,"@AmericanAir &amp; if that wasn't enough, your staff have been so rude &amp; ignored passengers,don't think that should be accepted whatever reason",,2015-02-22 12:18:45 -0800,London,London
569591765793165312,negative,1.0,longlines,0.6788,American,,Jess_JCW,,0,@AmericanAir I understand the weather issue but you can't expect passengers to wait 24 hours inside airports for whatever reason. Outrageous,,2015-02-22 12:17:14 -0800,London,London
569591730506371072,neutral,1.0,,,American,,TrueChief77,,0,"@AmericanAir guarantee no retribution? If so, I'd be glad to share.",,2015-02-22 12:17:05 -0800,970 Colorado,
569591700416393216,negative,1.0,Cancelled Flight,0.6333,American,,tcunningham10,,0,@AmericanAir a friend is having flight Cancelled Flightlations out of LAX to CMH on Feb 23. Anyway to help her? 800 number has been no help,"[40.46692522, -82.64567078]",2015-02-22 12:16:58 -0800,Central Ohio,Eastern Time (US & Canada)
569591653121597440,negative,1.0,Customer Service Issue,0.7255,American,,kiabeveridge,,0,"@AmericanAir I used the ""call back"" feature with an operator regarding my flight, got a call 2 hours Late Flightr and got hung up on. #pleasehelp",,2015-02-22 12:16:47 -0800,Chicago,Mountain Time (US & Canada)
569591540944756737,negative,1.0,Customer Service Issue,1.0,American,,GregPoos,,0,"@AmericanAir I need to be at work tomorrow at 8am, therefore that doesn't help.  Direct message faster than calling 800 number? #Backwards",,2015-02-22 12:16:20 -0800,,
569591533617307648,negative,1.0,Cancelled Flight,1.0,American,,tim_sheehy,,0,@AmericanAir  ugh Dump us in dfw w/no luggage then Cancelled Flight our flight 3 more times. Sat arrival now Tue?,,2015-02-22 12:16:18 -0800,Washington DC,Central Time (US & Canada)
569591393540288512,negative,1.0,Cancelled Flight,1.0,American,,TheJoshAbides,,0,"@AmericanAir Cancelled Flights my flight, doesn't send an email, text or call. Then puts me on way earlier flight I might miss now. Thanks AA!",,2015-02-22 12:15:45 -0800,New York City,Eastern Time (US & Canada)
569591285150908416,positive,1.0,,,American,,iambmac,,0,@AmericanAir DMing you now! Big thanks.,,2015-02-22 12:15:19 -0800,"Columbus, OH, USA",Eastern Time (US & Canada)
569591136534319105,negative,1.0,Bad Flight,0.6774,American,,A_for_AdNauseam,,0,@AmericanAir 3078 is overweight so you pull 2 dozen passengers off? Why not luggage? Seriously?,,2015-02-22 12:14:44 -0800,,
569590988395708416,positive,1.0,,,American,,howiemandel,,3,@AmericanAir I love your company and your staff is amazing. They just made an uncomfortable situation comfortable,,2015-02-22 12:14:08 -0800,,Pacific Time (US & Canada)
569590965880532993,negative,1.0,Customer Service Issue,1.0,American,,KCBobolz,,0,@AmericanAir I wait 2+ hrs for CS to call me back re why  flt is cxld/protection &amp; they hang up the minute I answer on 1st ring?,,2015-02-22 12:14:03 -0800,"Milwaukee County, Wisconsin",Central Time (US & Canada)
569590892085915649,negative,1.0,Customer Service Issue,1.0,American,,andyellwood,,0,"@AmericanAir I've been on hold for 55 mins about my Cancelled Flighted international flight. Am out of country, so can't leave a call back #. Help?",,2015-02-22 12:13:45 -0800,"New York, New York",Eastern Time (US & Canada)
569590191758962688,negative,1.0,Late Flight,0.3358,American,,Jill_Lynnette,,0,I just need a place to sleep when I land without accommodations in PLS @AmericanAir!,,2015-02-22 12:10:58 -0800,,Eastern Time (US & Canada)
569590013278756865,positive,0.6274,,0.0,American,,Flora_Lola_NYC,,0,@AmericanAir Love the new planes for the JFK-LAX run.  Maybe one day I will be on one where the amenities all function.  #NoCharge #Ever,,2015-02-22 12:10:16 -0800,,Eastern Time (US & Canada)
569589959088173056,negative,1.0,Can't Tell,1.0,American,,yourlama,,0,"@AmericanAir Call me Chairman, or call me Emerald. After what you did today to me, you can call me a former customer.","[32.9070889, -97.03785947]",2015-02-22 12:10:03 -0800,,
569589643487928321,positive,1.0,,,American,,DrCaseyJRudkin,,0,@AmericanAir Flight 236 was great. Fantastic cabin crew. A+ landing. #thankyou #JFK http://t.co/dRW08djHAI,"[40.64946781, -73.76624703]",2015-02-22 12:08:48 -0800,East Coast,
569589460226183168,negative,1.0,Late Flight,1.0,American,,cataattack,,0,@AmericanAir Flight 953 NYC-Buenos Aires has been delay since yesterday at 10PM. Is going to take off at 3.30PM now? Give us answers!,,2015-02-22 12:08:04 -0800,"Buenos Aires, Argentina",Buenos Aires
569588816438169600,negative,1.0,Cancelled Flight,1.0,American,,KristinaMeyer7,,0,"@AmericanAir Flight Cancelled Flightled, can't go home until tomorrow. I could use dinner and a play, @AmericanAir! It's my first time in NYC.",,2015-02-22 12:05:30 -0800,,Eastern Time (US & Canada)
569588651925098496,positive,1.0,,,American,,jlhalldc,,0,"Thank you. ‚Äú@AmericanAir: @jlhalldc Customer Relations will review your concerns and contact you back directly, John.‚Äù",,2015-02-22 12:04:51 -0800,"Washington, DC",Eastern Time (US & Canada)
569588591602458624,negative,1.0,Customer Service Issue,1.0,American,,jontgreen89,,0,@AmericanAir How do I change my flight if the phone system keeps telling me that the representatives are busy?,,2015-02-22 12:04:37 -0800,"Waco, TX",Central Time (US & Canada)
569588473050611712,positive,1.0,,,American,,Laurelinesblog,,0,@AmericanAir Thanks! He is.,,2015-02-22 12:04:09 -0800,"Chapel Hill, NC",
569588464896876545,negative,1.0,Bad Flight,1.0,American,,MDDavis7,,0,@AmericanAir thx for nothing on getting us out of the country and back to US. Broken plane? Come on. Get another one.,,2015-02-22 12:04:07 -0800,US,Eastern Time (US & Canada)
569587813856841728,neutral,0.6759999999999999,,0.0,American,,Chad_SMFYM,,0,"‚Äú@AmericanAir: @TilleyMonsta George, that doesn't look good. Please follow this link to start the refund process: http://t.co/4gr39s91Dl‚ÄùüòÇ",,2015-02-22 12:01:31 -0800,,Central Time (US & Canada)
569587705937600512,negative,1.0,Cancelled Flight,1.0,American,,RussellsWriting,,0,"@AmericanAir my flight was Cancelled Flightled, leaving tomorrow morning. Auto rebooked for a Tuesday night flight but need to arrive Monday.",,2015-02-22 12:01:06 -0800,Los Angeles,Arizona
569587691626622976,negative,0.6684,Late Flight,0.6684,American,,GolfWithWoody,,0,@AmericanAir right on cue with the delaysüëå,,2015-02-22 12:01:02 -0800,,Quito
569587686496825344,positive,0.3487,,0.0,American,,KristenReenders,,0,@AmericanAir thank you we got on a different flight to Chicago.,,2015-02-22 12:01:01 -0800,,
569587371693355008,negative,1.0,Customer Service Issue,1.0,American,,itsropes,,0,@AmericanAir leaving over 20 minutes Late Flight. No warnings or communication until we were 15 minutes Late Flight. That's called shitty customer svc,,2015-02-22 11:59:46 -0800,Texas,
569587242672398336,neutral,1.0,,,American,,sanyabun,,0,@AmericanAir Please bring American Airlines to #BlackBerry10,,2015-02-22 11:59:15 -0800,"Nigeria,lagos",
569587188687634433,negative,1.0,Customer Service Issue,0.6659,American,,SraJackson,,0,"@AmericanAir you have my money, you change my flight, and don't answer your phones! Any other suggestions so I can make my commitment??",,2015-02-22 11:59:02 -0800,New Jersey,Eastern Time (US & Canada)
569587140490866689,neutral,0.6771,,0.0,American,,daviddtwu,,0,@AmericanAir we have 8 ppl so we need 2 know how many seats are on the next flight. Plz put us on standby for 4 people on the next flight?,,2015-02-22 11:58:51 -0800,"dallas, TX",
